run,group,model,temperature_C,strain_rate_s^-1,seed,domain_width_um,domain_height_um,cell_size_um,physical_domain_area_um2,max_strain_step,max_cell_travel_cap,sample_spacing_strain,nominal_initial_grain_diameter_um,nucleus_diameter_um,nucleation_band_width_um,actual_initial_mean_diameter_um,initial_grain_count,final_strain,final_time_s,final_flow_stress_MPa,sampled_peak_stress_MPa,sampled_peak_strain,final_mean_grain_diameter_um,final_mean_drx_grain_diameter_um,final_drx_fraction,maximum_sampled_drx_fraction,final_grain_count,final_drx_grain_count,cumulative_nuclei,integration_steps,cumulative_nuclei_per_um2,maximum_observed_cell_travel,wall_runtime_seconds,source_sha256,engine_bytecode_sha256,output_directory,first_sample_strain_DRX_positive,first_sample_strain_DRX_at_least_0p01,first_sample_strain_DRX_at_least_0p5,first_sample_strain_DRX_at_least_0p9
cac2_950C_rate0p001_seed42_400x400_cell1um_step0p00138_strain1p38,condition_matrix,cac2,950,0.001,42,400,400,1,160000,0.00138,0.25,0.05,58,1,2,56.865003209,61,1.38,1380.0,153.890653226,189.603579088,0.15,3.56291832377,3.56291832377,1.0,1.0,10752,10752,17950,1021,0.1121875,0.200869821838,17.947285714000827,219dc596d88136b03574f0dcd49976812deb0c82019c03a57c099302bf240217,b8ab94c497bd8dcadb1f66af85f2e4d33511350a984b443c6778ac46f45514f0,/home/spectre/Projects/Inconel/corrected/analysis/runs/cac2_950C_rate0p001_seed42_400x400_cell1um_step0p00138_strain1p38/output,0.1,0.15,0.35,0.55
final_ca_950C_rate0p001_seed42_400x400_cell1um_step0p00138_strain1p38,condition_matrix,final_ca,950,0.001,42,400,400,1,160000,0.00138,0.25,0.05,58,1,2,56.865003209,61,1.38,1380.0,208.904263251,209.229263096,1.05,7.85770282174,4.79285830623,0.13416875,0.13416875,955,894,1199,1021,0.00749375,0.0728987332229,4.973019528000805,219dc596d88136b03574f0dcd49976812deb0c82019c03a57c099302bf240217,b8ab94c497bd8dcadb1f66af85f2e4d33511350a984b443c6778ac46f45514f0,/home/spectre/Projects/Inconel/corrected/analysis/runs/final_ca_950C_rate0p001_seed42_400x400_cell1um_step0p00138_strain1p38/output,0.4,0.6,,
main9_950C_rate0p001_seed42_400x400_cell1um_step0p00138_strain1p38,condition_matrix,main9,950,0.001,42,400,400,1,160000,0.00138,0.25,0.05,58,1,2,56.865003209,61,1.38,1380.0,208.517146385,209.057743013,1.05,6.80792144445,4.40170848803,0.14931875,0.14931875,1216,1155,1551,1021,0.00969375,0.0773010808144,5.224109442000554,219dc596d88136b03574f0dcd49976812deb0c82019c03a57c099302bf240217,b8ab94c497bd8dcadb1f66af85f2e4d33511350a984b443c6778ac46f45514f0,/home/spectre/Projects/Inconel/corrected/analysis/runs/main9_950C_rate0p001_seed42_400x400_cell1um_step0p00138_strain1p38/output,0.35,0.55,,
cac2_1050C_rate0p001_seed42_400x400_cell1um_step0p00138_strain1p38,condition_matrix,cac2,1050,0.001,42,400,400,1,160000,0.00138,0.25,0.05,58,1,2,56.865003209,61,1.38,1380.0,76.2159873206,79.9050039279,0.1,33.5569927996,33.5569927996,1.0,1.0,152,152,8850,3778,0.0553125,0.244233505078,25.565502129999004,219dc596d88136b03574f0dcd49976812deb0c82019c03a57c099302bf240217,b8ab94c497bd8dcadb1f66af85f2e4d33511350a984b443c6778ac46f45514f0,/home/spectre/Projects/Inconel/corrected/analysis/runs/cac2_1050C_rate0p001_seed42_400x400_cell1um_step0p00138_strain1p38/output,0.1,0.1,0.15,0.15
final_ca_1050C_rate0p001_seed42_400x400_cell1um_step0p00138_strain1p38,condition_matrix,final_ca,1050,0.001,42,400,400,1,160000,0.00138,0.25,0.05,58,1,2,56.865003209,61,1.38,1380.0,85.8852492213,89.2527730229,0.2,83.0063283875,83.0063283875,1.0,1.0,26,26,665,6828,0.00415625,0.249170358618,22.405798195999523,219dc596d88136b03574f0dcd49976812deb0c82019c03a57c099302bf240217,b8ab94c497bd8dcadb1f66af85f2e4d33511350a984b443c6778ac46f45514f0,/home/spectre/Projects/Inconel/corrected/analysis/runs/final_ca_1050C_rate0p001_seed42_400x400_cell1um_step0p00138_strain1p38/output,0.25,0.25,0.3,0.35
main9_1050C_rate0p001_seed42_400x400_cell1um_step0p00138_strain1p38,condition_matrix,main9,1050,0.001,42,400,400,1,160000,0.00138,0.25,0.05,58,1,2,56.865003209,61,1.38,1380.0,85.8675450656,88.9550067491,0.2,73.2093867169,73.2093867169,1.0,1.0,32,32,979,7601,0.00611875,0.243999063559,26.26603564800098,219dc596d88136b03574f0dcd49976812deb0c82019c03a57c099302bf240217,b8ab94c497bd8dcadb1f66af85f2e4d33511350a984b443c6778ac46f45514f0,/home/spectre/Projects/Inconel/corrected/analysis/runs/main9_1050C_rate0p001_seed42_400x400_cell1um_step0p00138_strain1p38/output,0.2,0.25,0.25,0.3
cac2_1050C_rate0p1_seed42_400x400_cell1um_step0p00138_strain1p38,condition_matrix,cac2,1050,0.1,42,400,400,1,160000,0.00138,0.25,0.05,58,1,2,56.865003209,61,1.38,13.8,187.12819031,222.682451897,0.2,3.63586690665,3.63599015139,0.999975,0.999975,11191,11190,15011,1021,0.09381875,0.1628116662,17.647913924000022,219dc596d88136b03574f0dcd49976812deb0c82019c03a57c099302bf240217,b8ab94c497bd8dcadb1f66af85f2e4d33511350a984b443c6778ac46f45514f0,/home/spectre/Projects/Inconel/corrected/analysis/runs/cac2_1050C_rate0p1_seed42_400x400_cell1um_step0p00138_strain1p38/output,0.1,0.15,0.4,0.7
final_ca_1050C_rate0p1_seed42_400x400_cell1um_step0p00138_strain1p38,condition_matrix,final_ca,1050,0.1,42,400,400,1,160000,0.00138,0.25,0.05,58,1,2,56.865003209,61,1.38,13.8,227.950997472,237.428744444,0.5,10.9845752886,10.9845752886,1.0,1.0,1351,1351,2139,1457,0.01336875,0.249865408791,14.591570953998598,219dc596d88136b03574f0dcd49976812deb0c82019c03a57c099302bf240217,b8ab94c497bd8dcadb1f66af85f2e4d33511350a984b443c6778ac46f45514f0,/home/spectre/Projects/Inconel/corrected/analysis/runs/final_ca_1050C_rate0p1_seed42_400x400_cell1um_step0p00138_strain1p38/output,0.5,0.55,0.7,0.85
main9_1050C_rate0p1_seed42_400x400_cell1um_step0p00138_strain1p38,condition_matrix,main9,1050,0.1,42,400,400,1,160000,0.00138,0.25,0.05,58,1,2,56.865003209,61,1.38,13.8,200.488505594,232.560255921,0.45,10.1067016041,10.1067016041,1.0,1.0,1393,1393,2762,1657,0.0172625,0.24933085598,19.049643058000584,219dc596d88136b03574f0dcd49976812deb0c82019c03a57c099302bf240217,b8ab94c497bd8dcadb1f66af85f2e4d33511350a984b443c6778ac46f45514f0,/home/spectre/Projects/Inconel/corrected/analysis/runs/main9_1050C_rate0p1_seed42_400x400_cell1um_step0p00138_strain1p38/output,0.4,0.45,0.65,0.8
cac2_1100C_rate0p1_seed42_400x400_cell1um_step0p00138_strain1p38,condition_matrix,cac2,1100,0.1,42,400,400,1,160000,0.00138,0.25,0.05,58,1,2,56.865003209,61,1.38,13.8,116.280160406,163.08782246,0.1,17.1557133313,17.1557133313,1.0,1.0,530,530,2107,1502,0.01316875,0.249379175587,12.086701227999583,219dc596d88136b03574f0dcd49976812deb0c82019c03a57c099302bf240217,b8ab94c497bd8dcadb1f66af85f2e4d33511350a984b443c6778ac46f45514f0,/home/spectre/Projects/Inconel/corrected/analysis/runs/cac2_1100C_rate0p1_seed42_400x400_cell1um_step0p00138_strain1p38/output,0.1,0.1,0.15,0.2
final_ca_1100C_rate0p1_seed42_400x400_cell1um_step0p00138_strain1p38,condition_matrix,final_ca,1100,0.1,42,400,400,1,160000,0.00138,0.25,0.05,58,1,2,56.865003209,61,1.38,13.8,160.841731998,173.663769262,0.35,27.7553297941,27.7553297941,1.0,1.0,160,160,719,3567,0.00449375,0.249440836126,21.756461249000495,219dc596d88136b03574f0dcd49976812deb0c82019c03a57c099302bf240217,b8ab94c497bd8dcadb1f66af85f2e4d33511350a984b443c6778ac46f45514f0,/home/spectre/Projects/Inconel/corrected/analysis/runs/final_ca_1100C_rate0p1_seed42_400x400_cell1um_step0p00138_strain1p38/output,0.4,0.4,0.45,0.45
main9_1100C_rate0p1_seed42_400x400_cell1um_step0p00138_strain1p38,condition_matrix,main9,1100,0.1,42,400,400,1,160000,0.00138,0.25,0.05,58,1,2,56.865003209,61,1.38,13.8,162.759307908,168.233440561,0.3,32.0035524681,32.0035524681,1.0,1.0,164,164,991,3900,0.00619375,0.245736885795,25.36085392699897,219dc596d88136b03574f0dcd49976812deb0c82019c03a57c099302bf240217,b8ab94c497bd8dcadb1f66af85f2e4d33511350a984b443c6778ac46f45514f0,/home/spectre/Projects/Inconel/corrected/analysis/runs/main9_1100C_rate0p1_seed42_400x400_cell1um_step0p00138_strain1p38/output,0.35,0.35,0.4,0.4
cac2_1200C_rate0p001_seed42_400x400_cell1um_step0p00138_strain1p38,condition_matrix,cac2,1200,0.001,42,400,400,1,160000,0.00138,0.25,0.05,58,1,2,56.865003209,61,1.38,1380.0,25.7143710142,25.7143710142,1.38,451.351666838,451.351666838,1.0,1.0,1,1,490,74916,0.0030625,0.226556494448,228.01075026199942,219dc596d88136b03574f0dcd49976812deb0c82019c03a57c099302bf240217,b8ab94c497bd8dcadb1f66af85f2e4d33511350a984b443c6778ac46f45514f0,/home/spectre/Projects/Inconel/corrected/analysis/runs/cac2_1200C_rate0p001_seed42_400x400_cell1um_step0p00138_strain1p38/output,0.05,0.05,0.1,0.1
final_ca_1200C_rate0p001_seed42_400x400_cell1um_step0p00138_strain1p38,condition_matrix,final_ca,1200,0.001,42,400,400,1,160000,0.00138,0.25,0.05,58,1,2,56.865003209,61,1.38,1380.0,26.0411149895,28.5700292938,0.1,451.351666838,451.351666838,1.0,1.0,1,1,239,103613,0.00149375,0.226182437768,266.8902210849992,219dc596d88136b03574f0dcd49976812deb0c82019c03a57c099302bf240217,b8ab94c497bd8dcadb1f66af85f2e4d33511350a984b443c6778ac46f45514f0,/home/spectre/Projects/Inconel/corrected/analysis/runs/final_ca_1200C_rate0p001_seed42_400x400_cell1um_step0p00138_strain1p38/output,0.1,0.1,0.15,0.15
main9_1200C_rate0p001_seed42_400x400_cell1um_step0p00138_strain1p38,condition_matrix,main9,1200,0.001,42,400,400,1,160000,0.00138,0.25,0.05,58,1,2,56.865003209,61,1.38,1380.0,26.0411149895,26.0411149895,1.38,451.351666838,451.351666838,1.0,1.0,1,1,507,94491,0.00316875,0.245125906347,252.5009167169992,219dc596d88136b03574f0dcd49976812deb0c82019c03a57c099302bf240217,b8ab94c497bd8dcadb1f66af85f2e4d33511350a984b443c6778ac46f45514f0,/home/spectre/Projects/Inconel/corrected/analysis/runs/main9_1200C_rate0p001_seed42_400x400_cell1um_step0p00138_strain1p38/output,0.1,0.1,0.1,0.1
cac2_1200C_rate0p1_seed42_400x400_cell1um_step0p00138_strain1p38,condition_matrix,cac2,1200,0.1,42,400,400,1,160000,0.00138,0.25,0.05,58,1,2,56.865003209,61,1.38,13.8,77.8532474925,82.2669136302,0.05,93.5216764028,93.5216764028,1.0,1.0,20,20,463,17898,0.00289375,0.242989604012,45.7539965699998,219dc596d88136b03574f0dcd49976812deb0c82019c03a57c099302bf240217,b8ab94c497bd8dcadb1f66af85f2e4d33511350a984b443c6778ac46f45514f0,/home/spectre/Projects/Inconel/corrected/analysis/runs/cac2_1200C_rate0p1_seed42_400x400_cell1um_step0p00138_strain1p38/output,0.1,0.1,0.1,0.1
final_ca_1200C_rate0p1_seed42_400x400_cell1um_step0p00138_strain1p38,condition_matrix,final_ca,1200,0.1,42,400,400,1,160000,0.00138,0.25,0.05,58,1,2,56.865003209,61,1.38,13.8,86.4847571984,89.7371114793,0.2,114.444311442,114.444311442,1.0,1.0,14,14,221,14531,0.00138125,0.248281915665,37.735950991998834,219dc596d88136b03574f0dcd49976812deb0c82019c03a57c099302bf240217,b8ab94c497bd8dcadb1f66af85f2e4d33511350a984b443c6778ac46f45514f0,/home/spectre/Projects/Inconel/corrected/analysis/runs/final_ca_1200C_rate0p1_seed42_400x400_cell1um_step0p00138_strain1p38/output,0.25,0.25,0.3,0.3
main9_1200C_rate0p1_seed42_400x400_cell1um_step0p00138_strain1p38,condition_matrix,main9,1200,0.1,42,400,400,1,160000,0.00138,0.25,0.05,58,1,2,56.865003209,61,1.38,13.8,86.1606930977,86.3435094417,0.65,247.29524691,247.29524691,1.0,1.0,2,2,340,19963,0.002125,0.244207899165,44.09815688799972,219dc596d88136b03574f0dcd49976812deb0c82019c03a57c099302bf240217,b8ab94c497bd8dcadb1f66af85f2e4d33511350a984b443c6778ac46f45514f0,/home/spectre/Projects/Inconel/corrected/analysis/runs/main9_1200C_rate0p1_seed42_400x400_cell1um_step0p00138_strain1p38/output,0.2,0.2,0.25,0.25
final_ca_1100C_rate0p001_seed42_200x200_cell1um_step0p00138_strain1p38,domain_sensitivity,final_ca,1100,0.001,42,200,200,1,40000,0.00138,0.25,0.05,58,1,2,56.098074969,15,1.38,1380.0,56.7444414746,59.7589264666,0.15,126.428167708,126.428167708,1.0,1.0,3,3,294,31419,0.00735,0.24689213385,15.643432974000461,219dc596d88136b03574f0dcd49976812deb0c82019c03a57c099302bf240217,b8ab94c497bd8dcadb1f66af85f2e4d33511350a984b443c6778ac46f45514f0,/home/spectre/Projects/Inconel/corrected/analysis/runs/final_ca_1100C_rate0p001_seed42_200x200_cell1um_step0p00138_strain1p38/output,0.2,0.2,0.2,0.25
final_ca_1100C_rate0p001_seed42_800x800_cell1um_step0p00138_strain1p38,domain_sensitivity,final_ca,1100,0.001,42,800,800,1,640000,0.00138,0.25,0.05,58,1,2,57.1836184534,242,1.38,1380.0,56.5879914359,59.9363270354,0.15,163.934684974,163.934684974,1.0,1.0,27,27,2464,44099,0.00385,0.239129232253,496.70787010300046,219dc596d88136b03574f0dcd49976812deb0c82019c03a57c099302bf240217,b8ab94c497bd8dcadb1f66af85f2e4d33511350a984b443c6778ac46f45514f0,/home/spectre/Projects/Inconel/corrected/analysis/runs/final_ca_1100C_rate0p001_seed42_800x800_cell1um_step0p00138_strain1p38/output,0.15,0.2,0.2,0.25
final_ca_1100C_rate0p001_seed43_400x400_cell1um_step0p00138_strain1p38,seed_sensitivity,final_ca,1100,0.001,43,400,400,1,160000,0.00138,0.25,0.05,58,1,2,56.9493537369,61,1.38,1380.0,56.7103942078,59.9419620283,0.15,129.710277306,129.710277306,1.0,1.0,11,11,841,38633,0.00525625,0.248866983684,86.9347048260006,219dc596d88136b03574f0dcd49976812deb0c82019c03a57c099302bf240217,b8ab94c497bd8dcadb1f66af85f2e4d33511350a984b443c6778ac46f45514f0,/home/spectre/Projects/Inconel/corrected/analysis/runs/final_ca_1100C_rate0p001_seed43_400x400_cell1um_step0p00138_strain1p38/output,0.15,0.2,0.2,0.2
final_ca_1100C_rate0p001_seed44_400x400_cell1um_step0p00138_strain1p38,seed_sensitivity,final_ca,1100,0.001,44,400,400,1,160000,0.00138,0.25,0.05,58,1,2,56.9000413387,61,1.38,1380.0,56.705527483,59.9233489862,0.15,128.743177722,128.743177722,1.0,1.0,11,11,1367,38062,0.00854375,0.232013381294,101.01707961600005,219dc596d88136b03574f0dcd49976812deb0c82019c03a57c099302bf240217,b8ab94c497bd8dcadb1f66af85f2e4d33511350a984b443c6778ac46f45514f0,/home/spectre/Projects/Inconel/corrected/analysis/runs/final_ca_1100C_rate0p001_seed44_400x400_cell1um_step0p00138_strain1p38/output,0.15,0.2,0.2,0.25
final_ca_1100C_rate0p001_seed42_400x400_cell1um_step0p00138_strain1p38,selected_baseline,final_ca,1100,0.001,42,400,400,1,160000,0.00138,0.25,0.05,58,1,2,56.865003209,61,1.38,1380.0,56.6032685848,59.7860785291,0.15,163.282253346,163.282253346,1.0,1.0,7,7,1010,38665,0.0063125,0.249811726975,80.41446444599933,219dc596d88136b03574f0dcd49976812deb0c82019c03a57c099302bf240217,b8ab94c497bd8dcadb1f66af85f2e4d33511350a984b443c6778ac46f45514f0,/home/spectre/Projects/Inconel/corrected/analysis/runs/final_ca_1100C_rate0p001_seed42_400x400_cell1um_step0p00138_strain1p38/output,0.15,0.2,0.2,0.25
final_ca_1100C_rate0p001_seed42_400x400_cell1um_step0p00069_strain1p38,timestep_sensitivity,final_ca,1100,0.001,42,400,400,1,160000,0.00069,0.25,0.05,58,1,2,56.865003209,61,1.38,1380.0,56.6481185039,59.9138944901,0.15,127.466059088,127.466059088,1.0,1.0,10,10,838,37085,0.0052375,0.247392251329,90.49542798000039,219dc596d88136b03574f0dcd49976812deb0c82019c03a57c099302bf240217,b8ab94c497bd8dcadb1f66af85f2e4d33511350a984b443c6778ac46f45514f0,/home/spectre/Projects/Inconel/corrected/analysis/runs/final_ca_1100C_rate0p001_seed42_400x400_cell1um_step0p00069_strain1p38/output,0.15,0.2,0.2,0.2
