strain,time_s,flow_stress_MPa,mean_grain_diameter_um,mean_drx_grain_diameter_um,drx_fraction,grain_count,drx_grain_count,nuclei_count,step_count,max_cell_travel
0.00000000000,0.00000000000,0.0135289481526,56.0980749690,0.00000000000,0.00000000000,15,0,0,0,0.00000000000
0.0500000000000,50.0000000000,37.8659055841,55.1141807604,0.00000000000,0.00000000000,15,0,0,1204,0.225422923559
0.100000000000,100.000000000,53.0598401585,52.5782995807,0.00000000000,0.00000000000,15,0,0,2474,0.225422923559
0.150000000000,150.000000000,59.7589264666,65.9608518271,0.00000000000,0.00000000000,11,0,3,3704,0.235351546839
0.200000000000,200.000000000,32.5550959525,32.6491111483,32.2134312279,0.892975000000,19,15,285,6170,0.237502357809
0.250000000000,250.000000000,42.9553195941,95.1573983126,95.1573983126,1.00000000000,5,5,294,7874,0.237502357809
0.300000000000,300.000000000,50.5333014111,89.5121606242,89.5121606242,1.00000000000,5,5,294,9045,0.237502357809
0.350000000000,350.000000000,53.9679612843,104.706403680,104.706403680,1.00000000000,4,4,294,10103,0.237502357809
0.400000000000,400.000000000,55.5182271588,102.918611955,102.918611955,1.00000000000,4,4,294,11106,0.237502357809
0.450000000000,450.000000000,56.2007640457,99.7729205537,99.7729205537,1.00000000000,4,4,294,12109,0.237502357809
0.500000000000,500.000000000,56.5065840877,129.683127538,129.683127538,1.00000000000,3,3,294,13153,0.237502357809
0.550000000000,550.000000000,56.6462482944,129.567190485,129.567190485,1.00000000000,3,3,294,14192,0.237502357809
0.600000000000,600.000000000,56.7089737872,129.511946510,129.511946510,1.00000000000,3,3,294,15216,0.237502357809
0.650000000000,650.000000000,56.7365738064,129.410212616,129.410212616,1.00000000000,3,3,294,16287,0.237502357809
0.700000000000,700.000000000,56.7489304404,129.335167239,129.335167239,1.00000000000,3,3,294,17370,0.237502357809
0.750000000000,750.000000000,56.7539272291,129.205876344,129.205876344,1.00000000000,3,3,294,18424,0.237502357809
0.800000000000,800.000000000,56.7556864097,129.065792886,129.065792886,1.00000000000,3,3,294,19481,0.244782496804
0.850000000000,850.000000000,56.7563982715,128.972438911,128.972438911,1.00000000000,3,3,294,20551,0.244782496804
0.900000000000,900.000000000,56.7563164790,128.853143086,128.853143086,1.00000000000,3,3,294,21576,0.244782496804
0.950000000000,950.000000000,56.7555677222,128.678715712,128.678715712,1.00000000000,3,3,294,22605,0.244782496804
1.00000000000,1000.00000000,56.7548155367,128.503116937,128.503116937,1.00000000000,3,3,294,23644,0.244782496804
1.05000000000,1050.00000000,56.7543588421,128.371048903,128.371048903,1.00000000000,3,3,294,24672,0.244782496804
1.10000000000,1100.00000000,56.7533339041,128.178453220,128.178453220,1.00000000000,3,3,294,25706,0.244782496804
1.15000000000,1150.00000000,56.7525090420,128.003739018,128.003739018,1.00000000000,3,3,294,26739,0.244782496804
1.20000000000,1200.00000000,56.7507350287,127.697450964,127.697450964,1.00000000000,3,3,294,27757,0.244782496804
1.25000000000,1250.00000000,56.7495527181,127.450114928,127.450114928,1.00000000000,3,3,294,28786,0.244782496804
1.30000000000,1300.00000000,56.7468940523,126.989039732,126.989039732,1.00000000000,3,3,294,29796,0.244782496804
1.35000000000,1350.00000000,56.7452359524,126.617923602,126.617923602,1.00000000000,3,3,294,30801,0.244782496804
1.38000000000,1380.00000000,56.7444414746,126.428167708,126.428167708,1.00000000000,3,3,294,31419,0.246892133850
